FY,352,355
FY,406,409
FY,560,563
FY,561,564
FY,351,354
FY,689,692
FY,324,326
FY,123,125
FY,706,708
FY,200,202
FY,453,455
FY,561,563
FY,153,155
FY,636,638
FY,715,717
FY,586,588
FY,413,415
FY,184,186
FY,425,427
FY,401,403
FY,352,354
FY,152,154
FY,190,192
FY,441,443
FY,97,99
FY,407,409
FY,642,644
FY,178,180
FY,346,348
FY,624,626
FY,147,149
FY,323,325
FY,135,137
FY,359,361
FY,647,649
FY,714,716
FY,562,564
FY,689,691
FY,430,432
FY,579,581
FY,172,174
FY,603,605
FY,614,616
FY,549,551
FY,177,179
FY,345,347
FY,623,625
FY,395,396
FY,195,196
FY,683,684
FY,443,444
