ZF,131,135
ZZ,111,115
ZZ,356,360
FJ,146,149
FJ,178,181
ZH,136,139
ZH,131,134
FY,299,301
FY,682,684
FY,689,691
FY,267,269
FY,539,541
FY,261,263
FY,298,300
FY,681,683
FY,305,307
FY,146,148
FY,178,180
ZH,136,138
ZF,218,220
SX,124,126
SX,432,434
SX,522,524
SX,610,612
ZZ,34,36
ZZ,100,102
ZZ,344,346
ZZ,32,34
ZZ,98,100
ZZ,112,114
ZZ,357,359
ZZ,29,31
ZZ,95,97
FY,689,690
FY,168,169
FY,262,263
FY,118,119
FY,363,364
ZH,25,26
ZH,91,92
ZH,346,347
ZH,496,497
ZH,191,192
ZH,30,31
ZH,96,97
ZH,132,133
ZH,153,154
ZH,219,220
ZH,243,244
ZH,251,252
ZH,333,334
ZH,479,480
ZH,579,580
ZH,625,626
ZH,139,140
